participant_id,session_id,label,name,metric,value
sub-116056,ses-3mo,,whole_brain,Dice,0.8680571881711066
sub-116056,ses-3mo,,whole_brain,IoU,0.7668737140249834
sub-116056,ses-3mo,,whole_brain,Hausdorff,58.86425061104575
sub-116056,ses-3mo,,whole_brain,HD95,20.099750518798828
sub-116056,ses-3mo,,whole_brain,MI,0.25193276460814
sub-116056,ses-3mo,,whole_brain,NMI,0.7136013527416721
sub-116056,ses-3mo,,whole_brain_minus_CSF,Dice,0.9509892122665015
sub-116056,ses-3mo,,whole_brain_minus_CSF,IoU,0.9065580863293281
sub-116056,ses-3mo,,whole_brain_minus_CSF,Hausdorff,61.95159400693416
sub-116056,ses-3mo,,whole_brain_minus_CSF,HD95,2.4494898319244385
sub-116056,ses-3mo,,whole_brain_minus_CSF,MI,0.2836454076191943
sub-116056,ses-3mo,,whole_brain_minus_CSF,NMI,0.8565262168824667
sub-116845,ses-3mo,,whole_brain,Dice,0.8721907883537277
sub-116845,ses-3mo,,whole_brain,IoU,0.7733495872768974
sub-116845,ses-3mo,,whole_brain,Hausdorff,25.079872407968907
sub-116845,ses-3mo,,whole_brain,HD95,16.18641471862793
sub-116845,ses-3mo,,whole_brain,MI,0.22971684505855836
sub-116845,ses-3mo,,whole_brain,NMI,0.7285193668120584
sub-116845,ses-3mo,,whole_brain_minus_CSF,Dice,0.9467656116961508
sub-116845,ses-3mo,,whole_brain_minus_CSF,IoU,0.8989125518592703
sub-116845,ses-3mo,,whole_brain_minus_CSF,Hausdorff,25.317977802344327
sub-116845,ses-3mo,,whole_brain_minus_CSF,HD95,3.0
sub-116845,ses-3mo,,whole_brain_minus_CSF,MI,0.25263726949820875
sub-116845,ses-3mo,,whole_brain_minus_CSF,NMI,0.8516778640160139
sub-116845,ses-6mo,,whole_brain,Dice,0.8899135750730465
sub-116845,ses-6mo,,whole_brain,IoU,0.8016615239048663
sub-116845,ses-6mo,,whole_brain,Hausdorff,8.306623862918075
sub-116845,ses-6mo,,whole_brain,HD95,20.0
sub-116845,ses-6mo,,whole_brain,MI,0.2706689492906367
sub-116845,ses-6mo,,whole_brain,NMI,0.746916287878977
sub-116845,ses-6mo,,whole_brain_minus_CSF,Dice,0.956416738023576
sub-116845,ses-6mo,,whole_brain_minus_CSF,IoU,0.916473819455704
sub-116845,ses-6mo,,whole_brain_minus_CSF,Hausdorff,5.0990195135927845
sub-116845,ses-6mo,,whole_brain_minus_CSF,HD95,3.1622776985168457
sub-116845,ses-6mo,,whole_brain_minus_CSF,MI,0.2955901520449037
sub-116845,ses-6mo,,whole_brain_minus_CSF,NMI,0.8634436936978503
sub-176427,ses-5mo,,whole_brain,Dice,0.8707685454866032
sub-176427,ses-5mo,,whole_brain,IoU,0.7711160913967197
sub-176427,ses-5mo,,whole_brain,Hausdorff,78.81624198095213
sub-176427,ses-5mo,,whole_brain,HD95,17.291616439819336
sub-176427,ses-5mo,,whole_brain,MI,0.24110972532401606
sub-176427,ses-5mo,,whole_brain,NMI,0.7223087506540629
sub-176427,ses-5mo,,whole_brain_minus_CSF,Dice,0.9522701873465544
sub-176427,ses-5mo,,whole_brain_minus_CSF,IoU,0.9088890817517798
sub-176427,ses-5mo,,whole_brain_minus_CSF,Hausdorff,80.51707893360265
sub-176427,ses-5mo,,whole_brain_minus_CSF,HD95,2.2360680103302
sub-176427,ses-5mo,,whole_brain_minus_CSF,MI,0.26913752832734794
sub-176427,ses-5mo,,whole_brain_minus_CSF,NMI,0.8610115160664185
sub-198202,ses-5mo,,whole_brain,Dice,0.9092196130144202
sub-198202,ses-5mo,,whole_brain,IoU,0.8335496529480964
sub-198202,ses-5mo,,whole_brain,Hausdorff,31.368774282716245
sub-198202,ses-5mo,,whole_brain,HD95,18.41195297241211
sub-198202,ses-5mo,,whole_brain,MI,0.2806438820549947
sub-198202,ses-5mo,,whole_brain,NMI,0.7788081231500565
sub-198202,ses-5mo,,whole_brain_minus_CSF,Dice,0.9502311756935271
sub-198202,ses-5mo,,whole_brain_minus_CSF,IoU,0.9051813634504672
sub-198202,ses-5mo,,whole_brain_minus_CSF,Hausdorff,32.155870381627054
sub-198202,ses-5mo,,whole_brain_minus_CSF,HD95,3.605551242828369
sub-198202,ses-5mo,,whole_brain_minus_CSF,MI,0.2910534893299791
sub-198202,ses-5mo,,whole_brain_minus_CSF,NMI,0.8450073321584745
sub-198202,ses-8mo,,whole_brain,Dice,0.9371007579414206
sub-198202,ses-8mo,,whole_brain,IoU,0.881645899122557
sub-198202,ses-8mo,,whole_brain,Hausdorff,12.24744871391589
sub-198202,ses-8mo,,whole_brain,HD95,17.868860244750977
sub-198202,ses-8mo,,whole_brain,MI,0.3294849088085613
sub-198202,ses-8mo,,whole_brain,NMI,0.8248608383233147
sub-198202,ses-8mo,,whole_brain_minus_CSF,Dice,0.9633702636611831
sub-198202,ses-8mo,,whole_brain_minus_CSF,IoU,0.9293291807966336
sub-198202,ses-8mo,,whole_brain_minus_CSF,Hausdorff,11.357816691600547
sub-198202,ses-8mo,,whole_brain_minus_CSF,HD95,2.4494898319244385
sub-198202,ses-8mo,,whole_brain_minus_CSF,MI,0.33389942579026727
sub-198202,ses-8mo,,whole_brain_minus_CSF,NMI,0.8711135240883375
sub-198549,ses-1mo,,whole_brain,Dice,0.8852748627412166
sub-198549,ses-1mo,,whole_brain,IoU,0.7941642591089251
sub-198549,ses-1mo,,whole_brain,Hausdorff,30.099833886584822
sub-198549,ses-1mo,,whole_brain,HD95,13.638181686401367
sub-198549,ses-1mo,,whole_brain,MI,0.21572227214508022
sub-198549,ses-1mo,,whole_brain,NMI,0.7541709097636311
sub-198549,ses-1mo,,whole_brain_minus_CSF,Dice,0.9519589556476414
sub-198549,ses-1mo,,whole_brain_minus_CSF,IoU,0.9083222081592316
sub-198549,ses-1mo,,whole_brain_minus_CSF,Hausdorff,31.827660925679098
sub-198549,ses-1mo,,whole_brain_minus_CSF,HD95,2.4494898319244385
sub-198549,ses-1mo,,whole_brain_minus_CSF,MI,0.23259188024817673
sub-198549,ses-1mo,,whole_brain_minus_CSF,NMI,0.8634478824778208
sub-198549,ses-4mo,,whole_brain,Dice,0.8997371933660511
sub-198549,ses-4mo,,whole_brain,IoU,0.8177475308091445
sub-198549,ses-4mo,,whole_brain,Hausdorff,15.524174696260024
sub-198549,ses-4mo,,whole_brain,HD95,17.37814712524414
sub-198549,ses-4mo,,whole_brain,MI,0.265199523734184
sub-198549,ses-4mo,,whole_brain,NMI,0.7663371006058669
sub-198549,ses-4mo,,whole_brain_minus_CSF,Dice,0.955287601448643
sub-198549,ses-4mo,,whole_brain_minus_CSF,IoU,0.9144024736121499
sub-198549,ses-4mo,,whole_brain_minus_CSF,Hausdorff,15.524174696260024
sub-198549,ses-4mo,,whole_brain_minus_CSF,HD95,2.8284270763397217
sub-198549,ses-4mo,,whole_brain_minus_CSF,MI,0.28277603205030927
sub-198549,ses-4mo,,whole_brain_minus_CSF,NMI,0.8608993503133383
sub-198549,ses-7mo,,whole_brain,Dice,0.9262999908243652
sub-198549,ses-7mo,,whole_brain,IoU,0.8627176892133583
sub-198549,ses-7mo,,whole_brain,Hausdorff,55.86591089385369
sub-198549,ses-7mo,,whole_brain,HD95,18.357559204101562
sub-198549,ses-7mo,,whole_brain,MI,0.30632461782428766
sub-198549,ses-7mo,,whole_brain,NMI,0.8064643951154317
sub-198549,ses-7mo,,whole_brain_minus_CSF,Dice,0.9585785299973115
sub-198549,ses-7mo,,whole_brain_minus_CSF,IoU,0.9204520528992329
sub-198549,ses-7mo,,whole_brain_minus_CSF,Hausdorff,56.97367813297646
sub-198549,ses-7mo,,whole_brain_minus_CSF,HD95,2.2360680103302
sub-198549,ses-7mo,,whole_brain_minus_CSF,MI,0.31275289039788084
sub-198549,ses-7mo,,whole_brain_minus_CSF,NMI,0.8607344390070684
sub-206192,ses-3mo,,whole_brain,Dice,0.8628473045374805
sub-206192,ses-3mo,,whole_brain,IoU,0.7587787532671947
sub-206192,ses-3mo,,whole_brain,Hausdorff,71.2320152740325
sub-206192,ses-3mo,,whole_brain,HD95,20.880613327026367
sub-206192,ses-3mo,,whole_brain,MI,0.22154176587881552
sub-206192,ses-3mo,,whole_brain,NMI,0.7157810702218924
sub-206192,ses-3mo,,whole_brain_minus_CSF,Dice,0.946570531807307
sub-206192,ses-3mo,,whole_brain_minus_CSF,IoU,0.8985609007419191
sub-206192,ses-3mo,,whole_brain_minus_CSF,Hausdorff,71.386273190299
sub-206192,ses-3mo,,whole_brain_minus_CSF,HD95,2.8284270763397217
sub-206192,ses-3mo,,whole_brain_minus_CSF,MI,0.24774778027380628
sub-206192,ses-3mo,,whole_brain_minus_CSF,NMI,0.8548254922239246
sub-243511,ses-7mo,,whole_brain,Dice,0.9192965678782945
sub-243511,ses-7mo,,whole_brain,IoU,0.8506464776127093
sub-243511,ses-7mo,,whole_brain,Hausdorff,12.806248474865697
sub-243511,ses-7mo,,whole_brain,HD95,19.10497283935547
sub-243511,ses-7mo,,whole_brain,MI,0.2834215568381855
sub-243511,ses-7mo,,whole_brain,NMI,0.7979000194186643
sub-243511,ses-7mo,,whole_brain_minus_CSF,Dice,0.9596517726252414
sub-243511,ses-7mo,,whole_brain_minus_CSF,IoU,0.9224332270424983
sub-243511,ses-7mo,,whole_brain_minus_CSF,Hausdorff,11.874342087037917
sub-243511,ses-7mo,,whole_brain_minus_CSF,HD95,2.2360680103302
sub-243511,ses-7mo,,whole_brain_minus_CSF,MI,0.29315296103690486
sub-243511,ses-7mo,,whole_brain_minus_CSF,NMI,0.8671966204035625
sub-272097,ses-5mo,,whole_brain,Dice,0.8991103652817077
sub-272097,ses-5mo,,whole_brain,IoU,0.8167125358681226
sub-272097,ses-5mo,,whole_brain,Hausdorff,57.879184513951124
sub-272097,ses-5mo,,whole_brain,HD95,20.099750518798828
sub-272097,ses-5mo,,whole_brain,MI,0.2725593994710748
sub-272097,ses-5mo,,whole_brain,NMI,0.7616275105134275
sub-272097,ses-5mo,,whole_brain_minus_CSF,Dice,0.9584629774190173
sub-272097,ses-5mo,,whole_brain_minus_CSF,IoU,0.9202389897229926
sub-272097,ses-5mo,,whole_brain_minus_CSF,Hausdorff,57.879184513951124
sub-272097,ses-5mo,,whole_brain_minus_CSF,HD95,2.2360680103302
sub-272097,ses-5mo,,whole_brain_minus_CSF,MI,0.29412926992179933
sub-272097,ses-5mo,,whole_brain_minus_CSF,NMI,0.8672060755747351
sub-272097,ses-8mo,,whole_brain,Dice,0.9065298653361903
sub-272097,ses-8mo,,whole_brain,IoU,0.8290394374738962
sub-272097,ses-8mo,,whole_brain,Hausdorff,61.35144660071187
sub-272097,ses-8mo,,whole_brain,HD95,22.56102752685547
sub-272097,ses-8mo,,whole_brain,MI,0.29992882516199004
sub-272097,ses-8mo,,whole_brain,NMI,0.7669661436203098
sub-272097,ses-8mo,,whole_brain_minus_CSF,Dice,0.9568874465991213
sub-272097,ses-8mo,,whole_brain_minus_CSF,IoU,0.9173386356816087
sub-272097,ses-8mo,,whole_brain_minus_CSF,Hausdorff,61.35144660071187
sub-272097,ses-8mo,,whole_brain_minus_CSF,HD95,3.7416574954986572
sub-272097,ses-8mo,,whole_brain_minus_CSF,MI,0.3197011078211328
sub-272097,ses-8mo,,whole_brain_minus_CSF,NMI,0.8575501711686724
sub-277762,ses-6mo,,whole_brain,Dice,0.9128079873847188
sub-277762,ses-6mo,,whole_brain,IoU,0.8396014473919146
sub-277762,ses-6mo,,whole_brain,Hausdorff,9.797958971132712
sub-277762,ses-6mo,,whole_brain,HD95,19.72308349609375
sub-277762,ses-6mo,,whole_brain,MI,0.2766208195737523
sub-277762,ses-6mo,,whole_brain,NMI,0.7865499597961457
sub-277762,ses-6mo,,whole_brain_minus_CSF,Dice,0.9569298989533866
sub-277762,ses-6mo,,whole_brain_minus_CSF,IoU,0.9174166702632989
sub-277762,ses-6mo,,whole_brain_minus_CSF,Hausdorff,6.708203932499369
sub-277762,ses-6mo,,whole_brain_minus_CSF,HD95,3.316624879837036
sub-277762,ses-6mo,,whole_brain_minus_CSF,MI,0.28874467062971976
sub-277762,ses-6mo,,whole_brain_minus_CSF,NMI,0.8618283632546493
sub-284149,ses-6mo,,whole_brain,Dice,0.8679992171700698
sub-284149,ses-6mo,,whole_brain,IoU,0.7667832304851652
sub-284149,ses-6mo,,whole_brain,Hausdorff,81.03085831953157
sub-284149,ses-6mo,,whole_brain,HD95,20.02498435974121
sub-284149,ses-6mo,,whole_brain,MI,0.24185474872603635
sub-284149,ses-6mo,,whole_brain,NMI,0.7169452679828987
sub-284149,ses-6mo,,whole_brain_minus_CSF,Dice,0.9458266825349856
sub-284149,ses-6mo,,whole_brain_minus_CSF,IoU,0.8972212319027657
sub-284149,ses-6mo,,whole_brain_minus_CSF,Hausdorff,81.38795979750321
sub-284149,ses-6mo,,whole_brain_minus_CSF,HD95,4.123105525970459
sub-284149,ses-6mo,,whole_brain_minus_CSF,MI,0.2677817558753416
sub-284149,ses-6mo,,whole_brain_minus_CSF,NMI,0.8460877838870104
sub-295081,ses-5mo,,whole_brain,Dice,0.8995198183045557
sub-295081,ses-5mo,,whole_brain,IoU,0.8173884757458504
sub-295081,ses-5mo,,whole_brain,Hausdorff,75.32595834106593
sub-295081,ses-5mo,,whole_brain,HD95,20.32240104675293
sub-295081,ses-5mo,,whole_brain,MI,0.2548281534802678
sub-295081,ses-5mo,,whole_brain,NMI,0.7683023125413397
sub-295081,ses-5mo,,whole_brain_minus_CSF,Dice,0.9545505317258497
sub-295081,ses-5mo,,whole_brain_minus_CSF,IoU,0.9130527688742732
sub-295081,ses-5mo,,whole_brain_minus_CSF,Hausdorff,76.47875521999558
sub-295081,ses-5mo,,whole_brain_minus_CSF,HD95,2.4494898319244385
sub-295081,ses-5mo,,whole_brain_minus_CSF,MI,0.2714233404995941
sub-295081,ses-5mo,,whole_brain_minus_CSF,NMI,0.8617569272414283
sub-298032,ses-3mo,,whole_brain,Dice,0.860047260304422
sub-298032,ses-3mo,,whole_brain,IoU,0.7544586984668293
sub-298032,ses-3mo,,whole_brain,Hausdorff,39.102429592034305
sub-298032,ses-3mo,,whole_brain,HD95,19.416488647460938
sub-298032,ses-3mo,,whole_brain,MI,0.2312388592401993
sub-298032,ses-3mo,,whole_brain,NMI,0.7078117392520663
sub-298032,ses-3mo,,whole_brain_minus_CSF,Dice,0.9449154337236392
sub-298032,ses-3mo,,whole_brain_minus_CSF,IoU,0.8955826517854071
sub-298032,ses-3mo,,whole_brain_minus_CSF,Hausdorff,41.24318125460256
sub-298032,ses-3mo,,whole_brain_minus_CSF,HD95,3.1622776985168457
sub-298032,ses-3mo,,whole_brain_minus_CSF,MI,0.2598548990572666
sub-298032,ses-3mo,,whole_brain_minus_CSF,NMI,0.849284098486321
sub-309615,ses-3mo,,whole_brain,Dice,0.8824073357775322
sub-309615,ses-3mo,,whole_brain,IoU,0.7895607800821071
sub-309615,ses-3mo,,whole_brain,Hausdorff,9.9498743710662
sub-309615,ses-3mo,,whole_brain,HD95,18.11077117919922
sub-309615,ses-3mo,,whole_brain,MI,0.23445304021440982
sub-309615,ses-3mo,,whole_brain,NMI,0.7443906676901759
sub-309615,ses-3mo,,whole_brain_minus_CSF,Dice,0.9512831073349781
sub-309615,ses-3mo,,whole_brain_minus_CSF,IoU,0.9070923849787116
sub-309615,ses-3mo,,whole_brain_minus_CSF,Hausdorff,8.246211251235321
sub-309615,ses-3mo,,whole_brain_minus_CSF,HD95,2.8284270763397217
sub-309615,ses-3mo,,whole_brain_minus_CSF,MI,0.25631232047301017
sub-309615,ses-3mo,,whole_brain_minus_CSF,NMI,0.8611401192296804
sub-372377,ses-2mo,,whole_brain,Dice,0.8654771224267843
sub-372377,ses-2mo,,whole_brain,IoU,0.762855592897404
sub-372377,ses-2mo,,whole_brain,Hausdorff,94.64142856064674
sub-372377,ses-2mo,,whole_brain,HD95,19.92485809326172
sub-372377,ses-2mo,,whole_brain,MI,0.2208173201095899
sub-372377,ses-2mo,,whole_brain,NMI,0.7197352012790402
sub-372377,ses-2mo,,whole_brain_minus_CSF,Dice,0.9452804218572811
sub-372377,ses-2mo,,whole_brain_minus_CSF,IoU,0.8962386225178907
sub-372377,ses-2mo,,whole_brain_minus_CSF,Hausdorff,96.83491106000976
sub-372377,ses-2mo,,whole_brain_minus_CSF,HD95,3.0
sub-372377,ses-2mo,,whole_brain_minus_CSF,MI,0.24350575521960424
sub-372377,ses-2mo,,whole_brain_minus_CSF,NMI,0.8486518787652195
sub-372377,ses-8mo,,whole_brain,Dice,0.8887866911329454
sub-372377,ses-8mo,,whole_brain,IoU,0.799834454861879
sub-372377,ses-8mo,,whole_brain,Hausdorff,53.04714883949938
sub-372377,ses-8mo,,whole_brain,HD95,23.108440399169922
sub-372377,ses-8mo,,whole_brain,MI,0.2921267403811049
sub-372377,ses-8mo,,whole_brain,NMI,0.7371011380249379
sub-372377,ses-8mo,,whole_brain_minus_CSF,Dice,0.9548470342375475
sub-372377,ses-8mo,,whole_brain_minus_CSF,IoU,0.9135954884278344
sub-372377,ses-8mo,,whole_brain_minus_CSF,Hausdorff,54.48853090330111
sub-372377,ses-8mo,,whole_brain_minus_CSF,HD95,3.7416574954986572
sub-372377,ses-8mo,,whole_brain_minus_CSF,MI,0.32228100983578123
sub-372377,ses-8mo,,whole_brain_minus_CSF,NMI,0.8568151998520345
sub-380056,ses-7mo,,whole_brain,Dice,0.9137159760143577
sub-380056,ses-7mo,,whole_brain,IoU,0.8411391089614649
sub-380056,ses-7mo,,whole_brain,Hausdorff,12.041594578792296
sub-380056,ses-7mo,,whole_brain,HD95,19.94993782043457
sub-380056,ses-7mo,,whole_brain,MI,0.32132007649721134
sub-380056,ses-7mo,,whole_brain,NMI,0.7782367727328053
sub-380056,ses-7mo,,whole_brain_minus_CSF,Dice,0.9615831685109609
sub-380056,ses-7mo,,whole_brain_minus_CSF,IoU,0.9260088428382827
sub-380056,ses-7mo,,whole_brain_minus_CSF,Hausdorff,5.0990195135927845
sub-380056,ses-7mo,,whole_brain_minus_CSF,HD95,2.2360680103302
sub-380056,ses-7mo,,whole_brain_minus_CSF,MI,0.33943334530705477
sub-380056,ses-7mo,,whole_brain_minus_CSF,NMI,0.8652314063006533
sub-381606,ses-2mo,,whole_brain,Dice,0.8787535926909038
sub-381606,ses-2mo,,whole_brain,IoU,0.7837292382499969
sub-381606,ses-2mo,,whole_brain,Hausdorff,35.86084215408221
sub-381606,ses-2mo,,whole_brain,HD95,19.67231559753418
sub-381606,ses-2mo,,whole_brain,MI,0.2381936601580332
sub-381606,ses-2mo,,whole_brain,NMI,0.7366994103163846
sub-381606,ses-2mo,,whole_brain_minus_CSF,Dice,0.9431948744618064
sub-381606,ses-2mo,,whole_brain_minus_CSF,IoU,0.8924964988048014
sub-381606,ses-2mo,,whole_brain_minus_CSF,Hausdorff,36.345563690772494
sub-381606,ses-2mo,,whole_brain_minus_CSF,HD95,3.0
sub-381606,ses-2mo,,whole_brain_minus_CSF,MI,0.257649049949329
sub-381606,ses-2mo,,whole_brain_minus_CSF,NMI,0.8416264997773635
sub-381606,ses-5mo,,whole_brain,Dice,0.8900744310593507
sub-381606,ses-5mo,,whole_brain,IoU,0.8019226297389185
sub-381606,ses-5mo,,whole_brain,Hausdorff,56.806689746895124
sub-381606,ses-5mo,,whole_brain,HD95,21.21320343017578
sub-381606,ses-5mo,,whole_brain,MI,0.2790999573667617
sub-381606,ses-5mo,,whole_brain,NMI,0.7444550718691955
sub-381606,ses-5mo,,whole_brain_minus_CSF,Dice,0.9533014246623965
sub-381606,ses-5mo,,whole_brain_minus_CSF,IoU,0.9107697737669295
sub-381606,ses-5mo,,whole_brain_minus_CSF,Hausdorff,58.497863208838666
sub-381606,ses-5mo,,whole_brain_minus_CSF,HD95,3.0
sub-381606,ses-5mo,,whole_brain_minus_CSF,MI,0.3050661562384819
sub-381606,ses-5mo,,whole_brain_minus_CSF,NMI,0.8565275176228048
sub-381606,ses-8mo,,whole_brain,Dice,0.9133640690509228
sub-381606,ses-8mo,,whole_brain,IoU,0.8405428562013247
sub-381606,ses-8mo,,whole_brain,Hausdorff,36.013886210738214
sub-381606,ses-8mo,,whole_brain,HD95,23.72762107849121
sub-381606,ses-8mo,,whole_brain,MI,0.3143206959650938
sub-381606,ses-8mo,,whole_brain,NMI,0.7800504268195468
sub-381606,ses-8mo,,whole_brain_minus_CSF,Dice,0.9622019354227536
sub-381606,ses-8mo,,whole_brain_minus_CSF,IoU,0.927157188151736
sub-381606,ses-8mo,,whole_brain_minus_CSF,Hausdorff,37.97367509209505
sub-381606,ses-8mo,,whole_brain_minus_CSF,HD95,2.4494898319244385
sub-381606,ses-8mo,,whole_brain_minus_CSF,MI,0.3352512969991859
sub-381606,ses-8mo,,whole_brain_minus_CSF,NMI,0.8703948600150232
sub-387247,ses-8mo,,whole_brain,Dice,0.9187627093963743
sub-387247,ses-8mo,,whole_brain,IoU,0.8497327250741175
sub-387247,ses-8mo,,whole_brain,Hausdorff,28.035691537752374
sub-387247,ses-8mo,,whole_brain,HD95,19.94993782043457
sub-387247,ses-8mo,,whole_brain,MI,0.31354605341183955
sub-387247,ses-8mo,,whole_brain,NMI,0.7895356220181992
sub-387247,ses-8mo,,whole_brain_minus_CSF,Dice,0.9678441688656959
sub-387247,ses-8mo,,whole_brain_minus_CSF,IoU,0.9376919062716218
sub-387247,ses-8mo,,whole_brain_minus_CSF,Hausdorff,28.231188426986208
sub-387247,ses-8mo,,whole_brain_minus_CSF,HD95,2.0
sub-387247,ses-8mo,,whole_brain_minus_CSF,MI,0.3357367516017048
sub-387247,ses-8mo,,whole_brain_minus_CSF,NMI,0.8854576751048436
sub-401592,ses-6mo,,whole_brain,Dice,0.9004535877996441
sub-401592,ses-6mo,,whole_brain,IoU,0.8189318593634465
sub-401592,ses-6mo,,whole_brain,Hausdorff,87.02873088813831
sub-401592,ses-6mo,,whole_brain,HD95,18.384777069091797
sub-401592,ses-6mo,,whole_brain,MI,0.28485477167480455
sub-401592,ses-6mo,,whole_brain,NMI,0.761377588610711
sub-401592,ses-6mo,,whole_brain_minus_CSF,Dice,0.955670243025497
sub-401592,ses-6mo,,whole_brain_minus_CSF,IoU,0.9151039091274591
sub-401592,ses-6mo,,whole_brain_minus_CSF,Hausdorff,89.6493167849036
sub-401592,ses-6mo,,whole_brain_minus_CSF,HD95,3.1622776985168457
sub-401592,ses-6mo,,whole_brain_minus_CSF,MI,0.3062093555443015
sub-401592,ses-6mo,,whole_brain_minus_CSF,NMI,0.8593092918740897
sub-402408,ses-4mo,,whole_brain,Dice,0.8637538323018885
sub-402408,ses-4mo,,whole_brain,IoU,0.76018195427822
sub-402408,ses-4mo,,whole_brain,Hausdorff,10.723805294763608
sub-402408,ses-4mo,,whole_brain,HD95,19.02629852294922
sub-402408,ses-4mo,,whole_brain,MI,0.22748157623783352
sub-402408,ses-4mo,,whole_brain,NMI,0.7155795857602412
sub-402408,ses-4mo,,whole_brain_minus_CSF,Dice,0.949842951177255
sub-402408,ses-4mo,,whole_brain_minus_CSF,IoU,0.9044770515439144
sub-402408,ses-4mo,,whole_brain_minus_CSF,Hausdorff,11.575836902790225
sub-402408,ses-4mo,,whole_brain_minus_CSF,HD95,2.4494898319244385
sub-402408,ses-4mo,,whole_brain_minus_CSF,MI,0.25599961625149725
sub-402408,ses-4mo,,whole_brain_minus_CSF,NMI,0.8609818467388044
sub-402408,ses-7mo,,whole_brain,Dice,0.8909841659197761
sub-402408,ses-7mo,,whole_brain,IoU,0.8034007617742671
sub-402408,ses-7mo,,whole_brain,Hausdorff,9.433981132056603
sub-402408,ses-7mo,,whole_brain,HD95,20.46949005126953
sub-402408,ses-7mo,,whole_brain,MI,0.26025496494068
sub-402408,ses-7mo,,whole_brain,NMI,0.7522512665315132
sub-402408,ses-7mo,,whole_brain_minus_CSF,Dice,0.9613255717690288
sub-402408,ses-7mo,,whole_brain_minus_CSF,IoU,0.9255311824768038
sub-402408,ses-7mo,,whole_brain_minus_CSF,Hausdorff,7.0
sub-402408,ses-7mo,,whole_brain_minus_CSF,HD95,2.2360680103302
sub-402408,ses-7mo,,whole_brain_minus_CSF,MI,0.287053876740778
sub-402408,ses-7mo,,whole_brain_minus_CSF,NMI,0.8789632730413461
sub-406768,ses-6mo,,whole_brain,Dice,0.9028653767349047
sub-406768,ses-6mo,,whole_brain,IoU,0.8229303474608785
sub-406768,ses-6mo,,whole_brain,Hausdorff,72.97944916207575
sub-406768,ses-6mo,,whole_brain,HD95,20.71231460571289
sub-406768,ses-6mo,,whole_brain,MI,0.28691377263569245
sub-406768,ses-6mo,,whole_brain,NMI,0.7653688251826518
sub-406768,ses-6mo,,whole_brain_minus_CSF,Dice,0.9563539581911882
sub-406768,ses-6mo,,whole_brain_minus_CSF,IoU,0.9163585352498131
sub-406768,ses-6mo,,whole_brain_minus_CSF,Hausdorff,73.89181280764467
sub-406768,ses-6mo,,whole_brain_minus_CSF,HD95,3.1622776985168457
sub-406768,ses-6mo,,whole_brain_minus_CSF,MI,0.3085452854291326
sub-406768,ses-6mo,,whole_brain_minus_CSF,NMI,0.8618810917163506
sub-439083,ses-1mo,,whole_brain,Dice,0.8609283789744637
sub-439083,ses-1mo,,whole_brain,IoU,0.7558158443095503
sub-439083,ses-1mo,,whole_brain,Hausdorff,11.789826122551595
sub-439083,ses-1mo,,whole_brain,HD95,16.0
sub-439083,ses-1mo,,whole_brain,MI,0.18382857330546898
sub-439083,ses-1mo,,whole_brain,NMI,0.7083693117471882
sub-439083,ses-1mo,,whole_brain_minus_CSF,Dice,0.9183176432507854
sub-439083,ses-1mo,,whole_brain_minus_CSF,IoU,0.8489716389667388
sub-439083,ses-1mo,,whole_brain_minus_CSF,Hausdorff,13.379088160259652
sub-439083,ses-1mo,,whole_brain_minus_CSF,HD95,4.242640495300293
sub-439083,ses-1mo,,whole_brain_minus_CSF,MI,0.19272330004014182
sub-439083,ses-1mo,,whole_brain_minus_CSF,NMI,0.7918603820678719
sub-439083,ses-4mo,,whole_brain,Dice,0.9091763373903199
sub-439083,ses-4mo,,whole_brain,IoU,0.833476911580018
sub-439083,ses-4mo,,whole_brain,Hausdorff,15.84297951775486
sub-439083,ses-4mo,,whole_brain,HD95,19.209373474121094
sub-439083,ses-4mo,,whole_brain,MI,0.25086084211704107
sub-439083,ses-4mo,,whole_brain,NMI,0.7841472400988817
sub-439083,ses-4mo,,whole_brain_minus_CSF,Dice,0.9591710029290902
sub-439083,ses-4mo,,whole_brain_minus_CSF,IoU,0.9215452352195983
sub-439083,ses-4mo,,whole_brain_minus_CSF,Hausdorff,16.97056274847714
sub-439083,ses-4mo,,whole_brain_minus_CSF,HD95,2.8284270763397217
sub-439083,ses-4mo,,whole_brain_minus_CSF,MI,0.26370154060738105
sub-439083,ses-4mo,,whole_brain_minus_CSF,NMI,0.8708891315637055
sub-439083,ses-7mo,,whole_brain,Dice,0.9247288294197928
sub-439083,ses-7mo,,whole_brain,IoU,0.8599959291392674
sub-439083,ses-7mo,,whole_brain,Hausdorff,45.088801270381985
sub-439083,ses-7mo,,whole_brain,HD95,19.94993782043457
sub-439083,ses-7mo,,whole_brain,MI,0.2826595416647566
sub-439083,ses-7mo,,whole_brain,NMI,0.8099010540200166
sub-439083,ses-7mo,,whole_brain_minus_CSF,Dice,0.963036288630026
sub-439083,ses-7mo,,whole_brain_minus_CSF,IoU,0.9287078015080398
sub-439083,ses-7mo,,whole_brain_minus_CSF,Hausdorff,46.593991028886975
sub-439083,ses-7mo,,whole_brain_minus_CSF,HD95,2.2360680103302
sub-439083,ses-7mo,,whole_brain_minus_CSF,MI,0.2919139085451204
sub-439083,ses-7mo,,whole_brain_minus_CSF,NMI,0.8768623943716305
sub-455675,ses-6mo,,whole_brain,Dice,0.8731045022410188
sub-455675,ses-6mo,,whole_brain,IoU,0.7747874616389292
sub-455675,ses-6mo,,whole_brain,Hausdorff,52.1344415909483
sub-455675,ses-6mo,,whole_brain,HD95,20.4939022064209
sub-455675,ses-6mo,,whole_brain,MI,0.2666487926604051
sub-455675,ses-6mo,,whole_brain,NMI,0.7184747802615987
sub-455675,ses-6mo,,whole_brain_minus_CSF,Dice,0.9459471647852546
sub-455675,ses-6mo,,whole_brain_minus_CSF,IoU,0.8974380915094583
sub-455675,ses-6mo,,whole_brain_minus_CSF,Hausdorff,53.60970061472084
sub-455675,ses-6mo,,whole_brain_minus_CSF,HD95,3.605551242828369
sub-455675,ses-6mo,,whole_brain_minus_CSF,MI,0.2957062963948358
sub-455675,ses-6mo,,whole_brain_minus_CSF,NMI,0.8431334601557148
sub-469090,ses-3mo,,whole_brain,Dice,0.8970145857093531
sub-469090,ses-3mo,,whole_brain,IoU,0.81326060534195
sub-469090,ses-3mo,,whole_brain,Hausdorff,42.76680956068619
sub-469090,ses-3mo,,whole_brain,HD95,17.57839584350586
sub-469090,ses-3mo,,whole_brain,MI,0.2575440178068714
sub-469090,ses-3mo,,whole_brain,NMI,0.7637880475172112
sub-469090,ses-3mo,,whole_brain_minus_CSF,Dice,0.9607926259034951
sub-469090,ses-3mo,,whole_brain_minus_CSF,IoU,0.9245436953705374
sub-469090,ses-3mo,,whole_brain_minus_CSF,Hausdorff,43.05810028322197
sub-469090,ses-3mo,,whole_brain_minus_CSF,HD95,2.2360680103302
sub-469090,ses-3mo,,whole_brain_minus_CSF,MI,0.28047909494438195
sub-469090,ses-3mo,,whole_brain_minus_CSF,NMI,0.8777407326177361
sub-470437,ses-1mo,,whole_brain,Dice,0.8657474900857353
sub-470437,ses-1mo,,whole_brain,IoU,0.7632757983944642
sub-470437,ses-1mo,,whole_brain,Hausdorff,56.089214649520635
sub-470437,ses-1mo,,whole_brain,HD95,16.733200073242188
sub-470437,ses-1mo,,whole_brain,MI,0.19202163580571438
sub-470437,ses-1mo,,whole_brain,NMI,0.7200731586017685
sub-470437,ses-1mo,,whole_brain_minus_CSF,Dice,0.9179147746631254
sub-470437,ses-1mo,,whole_brain_minus_CSF,IoU,0.8482832527145543
sub-470437,ses-1mo,,whole_brain_minus_CSF,Hausdorff,56.74504383644443
sub-470437,ses-1mo,,whole_brain_minus_CSF,HD95,5.4772257804870605
sub-470437,ses-1mo,,whole_brain_minus_CSF,MI,0.20025971643142734
sub-470437,ses-1mo,,whole_brain_minus_CSF,NMI,0.7938958353397957
sub-470437,ses-7mo,,whole_brain,Dice,0.9311198784792009
sub-470437,ses-7mo,,whole_brain,IoU,0.8711172186029678
sub-470437,ses-7mo,,whole_brain,Hausdorff,8.0
sub-470437,ses-7mo,,whole_brain,HD95,18.466184616088867
sub-470437,ses-7mo,,whole_brain,MI,0.2906907895412628
sub-470437,ses-7mo,,whole_brain,NMI,0.8173515713072812
sub-470437,ses-7mo,,whole_brain_minus_CSF,Dice,0.9578347817930714
sub-470437,ses-7mo,,whole_brain_minus_CSF,IoU,0.9190815093992967
sub-470437,ses-7mo,,whole_brain_minus_CSF,Hausdorff,5.0990195135927845
sub-470437,ses-7mo,,whole_brain_minus_CSF,HD95,2.2360680103302
sub-470437,ses-7mo,,whole_brain_minus_CSF,MI,0.2932114519172107
sub-470437,ses-7mo,,whole_brain_minus_CSF,NMI,0.8616667982969944
sub-518969,ses-8mo,,whole_brain,Dice,0.9101827978923456
sub-518969,ses-8mo,,whole_brain,IoU,0.8351701515924831
sub-518969,ses-8mo,,whole_brain,Hausdorff,33.421549934136806
sub-518969,ses-8mo,,whole_brain,HD95,18.788293838500977
sub-518969,ses-8mo,,whole_brain,MI,0.29076146981452355
sub-518969,ses-8mo,,whole_brain,NMI,0.7759054904453242
sub-518969,ses-8mo,,whole_brain_minus_CSF,Dice,0.9499127046228804
sub-518969,ses-8mo,,whole_brain_minus_CSF,IoU,0.9046035589657683
sub-518969,ses-8mo,,whole_brain_minus_CSF,Hausdorff,33.74907406137241
sub-518969,ses-8mo,,whole_brain_minus_CSF,HD95,3.464101552963257
sub-518969,ses-8mo,,whole_brain_minus_CSF,MI,0.3010112816729495
sub-518969,ses-8mo,,whole_brain_minus_CSF,NMI,0.8408696334611042
sub-544404,ses-6mo,,whole_brain,Dice,0.8616844320427994
sub-544404,ses-6mo,,whole_brain,IoU,0.7569820323103916
sub-544404,ses-6mo,,whole_brain,Hausdorff,55.39855593785816
sub-544404,ses-6mo,,whole_brain,HD95,19.84943389892578
sub-544404,ses-6mo,,whole_brain,MI,0.25351384770895385
sub-544404,ses-6mo,,whole_brain,NMI,0.7025732012003967
sub-544404,ses-6mo,,whole_brain_minus_CSF,Dice,0.9472177568574623
sub-544404,ses-6mo,,whole_brain_minus_CSF,IoU,0.899728090046459
sub-544404,ses-6mo,,whole_brain_minus_CSF,Hausdorff,57.21013896155121
sub-544404,ses-6mo,,whole_brain_minus_CSF,HD95,3.1622776985168457
sub-544404,ses-6mo,,whole_brain_minus_CSF,MI,0.2871252854869148
sub-544404,ses-6mo,,whole_brain_minus_CSF,NMI,0.8491362970946303
sub-551495,ses-6mo,,whole_brain,Dice,0.8934123569453571
sub-551495,ses-6mo,,whole_brain,IoU,0.8073579734535684
sub-551495,ses-6mo,,whole_brain,Hausdorff,9.848857801796104
sub-551495,ses-6mo,,whole_brain,HD95,18.384777069091797
sub-551495,ses-6mo,,whole_brain,MI,0.2639913160484681
sub-551495,ses-6mo,,whole_brain,NMI,0.75573477034207
sub-551495,ses-6mo,,whole_brain_minus_CSF,Dice,0.9619114046594446
sub-551495,ses-6mo,,whole_brain_minus_CSF,IoU,0.9266178329835904
sub-551495,ses-6mo,,whole_brain_minus_CSF,Hausdorff,6.782329983125268
sub-551495,ses-6mo,,whole_brain_minus_CSF,HD95,2.2360680103302
sub-551495,ses-6mo,,whole_brain_minus_CSF,MI,0.29047027056143554
sub-551495,ses-6mo,,whole_brain_minus_CSF,NMI,0.8797340552572102
sub-552990,ses-5mo,,whole_brain,Dice,0.8609261592208736
sub-552990,ses-5mo,,whole_brain,IoU,0.7558124226889453
sub-552990,ses-5mo,,whole_brain,Hausdorff,92.50945897582582
sub-552990,ses-5mo,,whole_brain,HD95,19.313207626342773
sub-552990,ses-5mo,,whole_brain,MI,0.2203507114533654
sub-552990,ses-5mo,,whole_brain,NMI,0.7129972738458753
sub-552990,ses-5mo,,whole_brain_minus_CSF,Dice,0.9319790854767472
sub-552990,ses-5mo,,whole_brain_minus_CSF,IoU,0.8726225046751707
sub-552990,ses-5mo,,whole_brain_minus_CSF,Hausdorff,94.04254356406997
sub-552990,ses-5mo,,whole_brain_minus_CSF,HD95,5.0
sub-552990,ses-5mo,,whole_brain_minus_CSF,MI,0.24013384446154712
sub-552990,ses-5mo,,whole_brain_minus_CSF,NMI,0.8242827972084604
sub-552990,ses-8mo,,whole_brain,Dice,0.9162025864634897
sub-552990,ses-8mo,,whole_brain,IoU,0.8453633262270424
sub-552990,ses-8mo,,whole_brain,Hausdorff,56.04462507680822
sub-552990,ses-8mo,,whole_brain,HD95,20.099750518798828
sub-552990,ses-8mo,,whole_brain,MI,0.26860030513532895
sub-552990,ses-8mo,,whole_brain,NMI,0.79624637016361
sub-552990,ses-8mo,,whole_brain_minus_CSF,Dice,0.9594118069368605
sub-552990,ses-8mo,,whole_brain_minus_CSF,IoU,0.9219899027613188
sub-552990,ses-8mo,,whole_brain_minus_CSF,Hausdorff,56.859475903318
sub-552990,ses-8mo,,whole_brain_minus_CSF,HD95,2.2360680103302
sub-552990,ses-8mo,,whole_brain_minus_CSF,MI,0.279679120467784
sub-552990,ses-8mo,,whole_brain_minus_CSF,NMI,0.8699489656929301
sub-584381,ses-1mo,,whole_brain,Dice,0.878932807487418
sub-584381,ses-1mo,,whole_brain,IoU,0.784014386789357
sub-584381,ses-1mo,,whole_brain,Hausdorff,26.28687885618983
sub-584381,ses-1mo,,whole_brain,HD95,9.486832618713379
sub-584381,ses-1mo,,whole_brain,MI,0.15955209032051756
sub-584381,ses-1mo,,whole_brain,NMI,0.7356687413788734
sub-584381,ses-1mo,,whole_brain_minus_CSF,Dice,0.9061087221685197
sub-584381,ses-1mo,,whole_brain_minus_CSF,IoU,0.8283352656077311
sub-584381,ses-1mo,,whole_brain_minus_CSF,Hausdorff,28.39013913315678
sub-584381,ses-1mo,,whole_brain_minus_CSF,HD95,4.242640495300293
sub-584381,ses-1mo,,whole_brain_minus_CSF,MI,0.15637545362539065
sub-584381,ses-1mo,,whole_brain_minus_CSF,NMI,0.7714313505141186
sub-584381,ses-4mo,,whole_brain,Dice,0.8841521787155988
sub-584381,ses-4mo,,whole_brain,IoU,0.7923591029625274
sub-584381,ses-4mo,,whole_brain,Hausdorff,9.848857801796104
sub-584381,ses-4mo,,whole_brain,HD95,16.309507369995117
sub-584381,ses-4mo,,whole_brain,MI,0.21427489622247953
sub-584381,ses-4mo,,whole_brain,NMI,0.7523087084407609
sub-584381,ses-4mo,,whole_brain_minus_CSF,Dice,0.948078585625656
sub-584381,ses-4mo,,whole_brain_minus_CSF,IoU,0.9012827124443977
sub-584381,ses-4mo,,whole_brain_minus_CSF,Hausdorff,7.810249675906654
sub-584381,ses-4mo,,whole_brain_minus_CSF,HD95,3.1622776985168457
sub-584381,ses-4mo,,whole_brain_minus_CSF,MI,0.23125029534110186
sub-584381,ses-4mo,,whole_brain_minus_CSF,NMI,0.8576268472195279
sub-621289,ses-6mo,,whole_brain,Dice,0.8866365256456539
sub-621289,ses-6mo,,whole_brain,IoU,0.7963585532207493
sub-621289,ses-6mo,,whole_brain,Hausdorff,14.142135623730951
sub-621289,ses-6mo,,whole_brain,HD95,20.14944076538086
sub-621289,ses-6mo,,whole_brain,MI,0.2719527575219447
sub-621289,ses-6mo,,whole_brain,NMI,0.7395760300973645
sub-621289,ses-6mo,,whole_brain_minus_CSF,Dice,0.9525799977415779
sub-621289,ses-6mo,,whole_brain_minus_CSF,IoU,0.9094537011777963
sub-621289,ses-6mo,,whole_brain_minus_CSF,Hausdorff,12.165525060596439
sub-621289,ses-6mo,,whole_brain_minus_CSF,HD95,3.605551242828369
sub-621289,ses-6mo,,whole_brain_minus_CSF,MI,0.2982637917268462
sub-621289,ses-6mo,,whole_brain_minus_CSF,NMI,0.8558567749099389
sub-627391,ses-2mo,,whole_brain,Dice,0.888063064897548
sub-627391,ses-2mo,,whole_brain,IoU,0.7986631587300619
sub-627391,ses-2mo,,whole_brain,Hausdorff,19.519221295943137
sub-627391,ses-2mo,,whole_brain,HD95,18.0
sub-627391,ses-2mo,,whole_brain,MI,0.24679821549358885
sub-627391,ses-2mo,,whole_brain,NMI,0.7506657885327781
sub-627391,ses-2mo,,whole_brain_minus_CSF,Dice,0.9571642901250852
sub-627391,ses-2mo,,whole_brain_minus_CSF,IoU,0.9178476351178023
sub-627391,ses-2mo,,whole_brain_minus_CSF,Hausdorff,21.18962010041709
sub-627391,ses-2mo,,whole_brain_minus_CSF,HD95,2.2360680103302
sub-627391,ses-2mo,,whole_brain_minus_CSF,MI,0.26943151026960976
sub-627391,ses-2mo,,whole_brain_minus_CSF,NMI,0.8697038867118214
sub-635515,ses-4mo,,whole_brain,Dice,0.8748802560106915
sub-635515,ses-4mo,,whole_brain,IoU,0.7775885728470561
sub-635515,ses-4mo,,whole_brain,Hausdorff,95.00526301210897
sub-635515,ses-4mo,,whole_brain,HD95,17.32343864440918
sub-635515,ses-4mo,,whole_brain,MI,0.24553523698303537
sub-635515,ses-4mo,,whole_brain,NMI,0.7277796765213516
sub-635515,ses-4mo,,whole_brain_minus_CSF,Dice,0.947788231546595
sub-635515,ses-4mo,,whole_brain_minus_CSF,IoU,0.900758060271178
sub-635515,ses-4mo,,whole_brain_minus_CSF,Hausdorff,98.00510190801293
sub-635515,ses-4mo,,whole_brain_minus_CSF,HD95,3.0
sub-635515,ses-4mo,,whole_brain_minus_CSF,MI,0.2691879836057395
sub-635515,ses-4mo,,whole_brain_minus_CSF,NMI,0.8484268133256632
sub-645257,ses-4mo,,whole_brain,Dice,0.884357373303847
sub-645257,ses-4mo,,whole_brain,IoU,0.792688762639672
sub-645257,ses-4mo,,whole_brain,Hausdorff,12.806248474865697
sub-645257,ses-4mo,,whole_brain,HD95,18.973665237426758
sub-645257,ses-4mo,,whole_brain,MI,0.24087850165272975
sub-645257,ses-4mo,,whole_brain,NMI,0.7459598701303007
sub-645257,ses-4mo,,whole_brain_minus_CSF,Dice,0.9519915571542269
sub-645257,ses-4mo,,whole_brain_minus_CSF,IoU,0.9083815723556377
sub-645257,ses-4mo,,whole_brain_minus_CSF,Hausdorff,6.164414002968976
sub-645257,ses-4mo,,whole_brain_minus_CSF,HD95,3.0
sub-645257,ses-4mo,,whole_brain_minus_CSF,MI,0.2631057225517396
sub-645257,ses-4mo,,whole_brain_minus_CSF,NMI,0.8615675759087651
sub-657158,ses-4mo,,whole_brain,Dice,0.8786161016359647
sub-657158,ses-4mo,,whole_brain,IoU,0.7835105381107756
sub-657158,ses-4mo,,whole_brain,Hausdorff,11.575836902790225
sub-657158,ses-4mo,,whole_brain,HD95,19.339078903198242
sub-657158,ses-4mo,,whole_brain,MI,0.2524587402790189
sub-657158,ses-4mo,,whole_brain,NMI,0.732718782167308
sub-657158,ses-4mo,,whole_brain_minus_CSF,Dice,0.9504402135854948
sub-657158,ses-4mo,,whole_brain_minus_CSF,IoU,0.9055608131027756
sub-657158,ses-4mo,,whole_brain_minus_CSF,Hausdorff,8.246211251235321
sub-657158,ses-4mo,,whole_brain_minus_CSF,HD95,3.0
sub-657158,ses-4mo,,whole_brain_minus_CSF,MI,0.27784135730188475
sub-657158,ses-4mo,,whole_brain_minus_CSF,NMI,0.8550863934305892
sub-657158,ses-7mo,,whole_brain,Dice,0.914157173862529
sub-657158,ses-7mo,,whole_brain,IoU,0.8418871975369979
sub-657158,ses-7mo,,whole_brain,Hausdorff,10.04987562112089
sub-657158,ses-7mo,,whole_brain,HD95,19.442222595214844
sub-657158,ses-7mo,,whole_brain,MI,0.29959224115553795
sub-657158,ses-7mo,,whole_brain,NMI,0.7848499474489615
sub-657158,ses-7mo,,whole_brain_minus_CSF,Dice,0.9657514383273306
sub-657158,ses-7mo,,whole_brain_minus_CSF,IoU,0.9337711205181085
sub-657158,ses-7mo,,whole_brain_minus_CSF,Hausdorff,6.324555320336759
sub-657158,ses-7mo,,whole_brain_minus_CSF,HD95,2.0
sub-657158,ses-7mo,,whole_brain_minus_CSF,MI,0.32087474612184275
sub-657158,ses-7mo,,whole_brain_minus_CSF,NMI,0.8820932387302107
sub-682023,ses-7mo,,whole_brain,Dice,0.9022240132109939
sub-682023,ses-7mo,,whole_brain,IoU,0.8218653204922056
sub-682023,ses-7mo,,whole_brain,Hausdorff,44.69899327725402
sub-682023,ses-7mo,,whole_brain,HD95,20.0
sub-682023,ses-7mo,,whole_brain,MI,0.2798397242632401
sub-682023,ses-7mo,,whole_brain,NMI,0.7671422363564173
sub-682023,ses-7mo,,whole_brain_minus_CSF,Dice,0.966565503096161
sub-682023,ses-7mo,,whole_brain_minus_CSF,IoU,0.9352944052012808
sub-682023,ses-7mo,,whole_brain_minus_CSF,Hausdorff,45.44227107000705
sub-682023,ses-7mo,,whole_brain_minus_CSF,HD95,2.0
sub-682023,ses-7mo,,whole_brain_minus_CSF,MI,0.3072204613530813
sub-682023,ses-7mo,,whole_brain_minus_CSF,NMI,0.8885377871799778
sub-684448,ses-2mo,,whole_brain,Dice,0.8784673410266183
sub-684448,ses-2mo,,whole_brain,IoU,0.7832739724501128
sub-684448,ses-2mo,,whole_brain,Hausdorff,9.899494936611665
sub-684448,ses-2mo,,whole_brain,HD95,17.20465087890625
sub-684448,ses-2mo,,whole_brain,MI,0.23846871981148157
sub-684448,ses-2mo,,whole_brain,NMI,0.7367058904333855
sub-684448,ses-2mo,,whole_brain_minus_CSF,Dice,0.9566524134716304
sub-684448,ses-2mo,,whole_brain_minus_CSF,IoU,0.9169067200843314
sub-684448,ses-2mo,,whole_brain_minus_CSF,Hausdorff,7.14142842854285
sub-684448,ses-2mo,,whole_brain_minus_CSF,HD95,2.4494898319244385
sub-684448,ses-2mo,,whole_brain_minus_CSF,MI,0.26611304527226015
sub-684448,ses-2mo,,whole_brain_minus_CSF,NMI,0.8737279492024227
sub-710922,ses-4mo,,whole_brain,Dice,0.8849547826125066
sub-710922,ses-4mo,,whole_brain,IoU,0.7936492339619379
sub-710922,ses-4mo,,whole_brain,Hausdorff,71.596089278675
sub-710922,ses-4mo,,whole_brain,HD95,18.41195297241211
sub-710922,ses-4mo,,whole_brain,MI,0.2782281638594458
sub-710922,ses-4mo,,whole_brain,NMI,0.7350344999103613
sub-710922,ses-4mo,,whole_brain_minus_CSF,Dice,0.9545572472506618
sub-710922,ses-4mo,,whole_brain_minus_CSF,IoU,0.9130650575943419
sub-710922,ses-4mo,,whole_brain_minus_CSF,Hausdorff,73.38255923582933
sub-710922,ses-4mo,,whole_brain_minus_CSF,HD95,2.2360680103302
sub-710922,ses-4mo,,whole_brain_minus_CSF,MI,0.3062983179241376
sub-710922,ses-4mo,,whole_brain_minus_CSF,NMI,0.8570358940294847
sub-710922,ses-7mo,,whole_brain,Dice,0.9163623207899851
sub-710922,ses-7mo,,whole_brain,IoU,0.8456353432247062
sub-710922,ses-7mo,,whole_brain,Hausdorff,69.01449123191448
sub-710922,ses-7mo,,whole_brain,HD95,20.46949005126953
sub-710922,ses-7mo,,whole_brain,MI,0.32861440085238885
sub-710922,ses-7mo,,whole_brain,NMI,0.780801206914019
sub-710922,ses-7mo,,whole_brain_minus_CSF,Dice,0.9596671450106973
sub-710922,ses-7mo,,whole_brain_minus_CSF,IoU,0.9224616337052676
sub-710922,ses-7mo,,whole_brain_minus_CSF,Hausdorff,69.23871749245504
sub-710922,ses-7mo,,whole_brain_minus_CSF,HD95,2.2360680103302
sub-710922,ses-7mo,,whole_brain_minus_CSF,MI,0.34391843184769444
sub-710922,ses-7mo,,whole_brain_minus_CSF,NMI,0.8585007943420032
sub-726893,ses-5mo,,whole_brain,Dice,0.883262847800911
sub-726893,ses-5mo,,whole_brain,IoU,0.7909317300508734
sub-726893,ses-5mo,,whole_brain,Hausdorff,61.04096984812741
sub-726893,ses-5mo,,whole_brain,HD95,19.899747848510742
sub-726893,ses-5mo,,whole_brain,MI,0.24792464609078255
sub-726893,ses-5mo,,whole_brain,NMI,0.7418002906542099
sub-726893,ses-5mo,,whole_brain_minus_CSF,Dice,0.9513533669314325
sub-726893,ses-5mo,,whole_brain_minus_CSF,IoU,0.9072201606632408
sub-726893,ses-5mo,,whole_brain_minus_CSF,Hausdorff,61.04096984812741
sub-726893,ses-5mo,,whole_brain_minus_CSF,HD95,3.0
sub-726893,ses-5mo,,whole_brain_minus_CSF,MI,0.2694873173110929
sub-726893,ses-5mo,,whole_brain_minus_CSF,NMI,0.8557726421174578
sub-726893,ses-8mo,,whole_brain,Dice,0.9196938179748447
sub-726893,ses-8mo,,whole_brain,IoU,0.851326997176648
sub-726893,ses-8mo,,whole_brain,Hausdorff,35.482389998420345
sub-726893,ses-8mo,,whole_brain,HD95,19.416488647460938
sub-726893,ses-8mo,,whole_brain,MI,0.2893743713051247
sub-726893,ses-8mo,,whole_brain,NMI,0.7982676422725407
sub-726893,ses-8mo,,whole_brain_minus_CSF,Dice,0.9559951467784378
sub-726893,ses-8mo,,whole_brain_minus_CSF,IoU,0.9156999067853503
sub-726893,ses-8mo,,whole_brain_minus_CSF,Hausdorff,35.90264614203248
sub-726893,ses-8mo,,whole_brain_minus_CSF,HD95,2.4494898319244385
sub-726893,ses-8mo,,whole_brain_minus_CSF,MI,0.2967081980166594
sub-726893,ses-8mo,,whole_brain_minus_CSF,NMI,0.8570200709939388
sub-761141,ses-1mo,,whole_brain,Dice,0.8906130274781724
sub-761141,ses-1mo,,whole_brain,IoU,0.802797445379817
sub-761141,ses-1mo,,whole_brain,Hausdorff,43.68065933568311
sub-761141,ses-1mo,,whole_brain,HD95,14.525838851928711
sub-761141,ses-1mo,,whole_brain,MI,0.21323628526710173
sub-761141,ses-1mo,,whole_brain,NMI,0.7622800360946198
sub-761141,ses-1mo,,whole_brain_minus_CSF,Dice,0.9515504565009516
sub-761141,ses-1mo,,whole_brain_minus_CSF,IoU,0.9075786835914772
sub-761141,ses-1mo,,whole_brain_minus_CSF,Hausdorff,45.19955751995809
sub-761141,ses-1mo,,whole_brain_minus_CSF,HD95,2.4494898319244385
sub-761141,ses-1mo,,whole_brain_minus_CSF,MI,0.22729758156455
sub-761141,ses-1mo,,whole_brain_minus_CSF,NMI,0.8614832201339631
sub-786266,ses-7mo,,whole_brain,Dice,0.8964315643449977
sub-786266,ses-7mo,,whole_brain,IoU,0.8123026496430533
sub-786266,ses-7mo,,whole_brain,Hausdorff,32.264531609803356
sub-786266,ses-7mo,,whole_brain,HD95,19.79899024963379
sub-786266,ses-7mo,,whole_brain,MI,0.2727375032124352
sub-786266,ses-7mo,,whole_brain,NMI,0.7571801448744079
sub-786266,ses-7mo,,whole_brain_minus_CSF,Dice,0.9575954950328214
sub-786266,ses-7mo,,whole_brain_minus_CSF,IoU,0.91864097907268
sub-786266,ses-7mo,,whole_brain_minus_CSF,Hausdorff,33.54101966249684
sub-786266,ses-7mo,,whole_brain_minus_CSF,HD95,2.8284270763397217
sub-786266,ses-7mo,,whole_brain_minus_CSF,MI,0.29518601360947117
sub-786266,ses-7mo,,whole_brain_minus_CSF,NMI,0.8653214554066329
sub-801091,ses-3mo,,whole_brain,Dice,0.8820657681378684
sub-801091,ses-3mo,,whole_brain,IoU,0.7890140072628608
sub-801091,ses-3mo,,whole_brain,Hausdorff,9.055385138137417
sub-801091,ses-3mo,,whole_brain,HD95,20.880613327026367
sub-801091,ses-3mo,,whole_brain,MI,0.25706546495380683
sub-801091,ses-3mo,,whole_brain,NMI,0.7367123039798645
sub-801091,ses-3mo,,whole_brain_minus_CSF,Dice,0.949147331352437
sub-801091,ses-3mo,,whole_brain_minus_CSF,IoU,0.903216368640887
sub-801091,ses-3mo,,whole_brain_minus_CSF,Hausdorff,7.211102550927978
sub-801091,ses-3mo,,whole_brain_minus_CSF,HD95,3.1622776985168457
sub-801091,ses-3mo,,whole_brain_minus_CSF,MI,0.28206545008476636
sub-801091,ses-3mo,,whole_brain_minus_CSF,NMI,0.8524910792408907
sub-810675,ses-3mo,,whole_brain,Dice,0.8887725581342673
sub-810675,ses-3mo,,whole_brain,IoU,0.7998115639063346
sub-810675,ses-3mo,,whole_brain,Hausdorff,18.0
sub-810675,ses-3mo,,whole_brain,HD95,20.34699058532715
sub-810675,ses-3mo,,whole_brain,MI,0.25888957775643684
sub-810675,ses-3mo,,whole_brain,NMI,0.7485519364331117
sub-810675,ses-3mo,,whole_brain_minus_CSF,Dice,0.9534987999558416
sub-810675,ses-3mo,,whole_brain_minus_CSF,IoU,0.911130154380719
sub-810675,ses-3mo,,whole_brain_minus_CSF,Hausdorff,18.0
sub-810675,ses-3mo,,whole_brain_minus_CSF,HD95,3.0
sub-810675,ses-3mo,,whole_brain_minus_CSF,MI,0.2833178172495641
sub-810675,ses-3mo,,whole_brain_minus_CSF,NMI,0.8623912196002973
sub-850013,ses-8mo,,whole_brain,Dice,0.9085054508279059
sub-850013,ses-8mo,,whole_brain,IoU,0.8323499659407492
sub-850013,ses-8mo,,whole_brain,Hausdorff,44.81071300481616
sub-850013,ses-8mo,,whole_brain,HD95,19.131126403808594
sub-850013,ses-8mo,,whole_brain,MI,0.29100062124034265
sub-850013,ses-8mo,,whole_brain,NMI,0.7758958760212642
sub-850013,ses-8mo,,whole_brain_minus_CSF,Dice,0.9579053414827314
sub-850013,ses-8mo,,whole_brain_minus_CSF,IoU,0.9192114494144661
sub-850013,ses-8mo,,whole_brain_minus_CSF,Hausdorff,44.81071300481616
sub-850013,ses-8mo,,whole_brain_minus_CSF,HD95,2.2360680103302
sub-850013,ses-8mo,,whole_brain_minus_CSF,MI,0.3076829371925126
sub-850013,ses-8mo,,whole_brain_minus_CSF,NMI,0.8620138615349345
sub-890518,ses-8mo,,whole_brain,Dice,0.883188507331287
sub-890518,ses-8mo,,whole_brain,IoU,0.7908125168203949
sub-890518,ses-8mo,,whole_brain,Hausdorff,75.02666192761077
sub-890518,ses-8mo,,whole_brain,HD95,20.615528106689453
sub-890518,ses-8mo,,whole_brain,MI,0.27725968525933886
sub-890518,ses-8mo,,whole_brain,NMI,0.7313661166051393
sub-890518,ses-8mo,,whole_brain_minus_CSF,Dice,0.95075961783584
sub-890518,ses-8mo,,whole_brain_minus_CSF,IoU,0.9061408939244274
sub-890518,ses-8mo,,whole_brain_minus_CSF,Hausdorff,75.9670981412348
sub-890518,ses-8mo,,whole_brain_minus_CSF,HD95,3.7416574954986572
sub-890518,ses-8mo,,whole_brain_minus_CSF,MI,0.3046522324854912
sub-890518,ses-8mo,,whole_brain_minus_CSF,NMI,0.8491892041077258
sub-938316,ses-2mo,,whole_brain,Dice,0.8534678282665645
sub-938316,ses-2mo,,whole_brain,IoU,0.744390649741831
sub-938316,ses-2mo,,whole_brain,Hausdorff,47.634021455258214
sub-938316,ses-2mo,,whole_brain,HD95,17.464248657226562
sub-938316,ses-2mo,,whole_brain,MI,0.19619983363494214
sub-938316,ses-2mo,,whole_brain,NMI,0.7089132459892179
sub-938316,ses-2mo,,whole_brain_minus_CSF,Dice,0.9350458616575728
sub-938316,ses-2mo,,whole_brain_minus_CSF,IoU,0.8780151444952801
sub-938316,ses-2mo,,whole_brain_minus_CSF,Hausdorff,49.68903299521938
sub-938316,ses-2mo,,whole_brain_minus_CSF,HD95,4.242640495300293
sub-938316,ses-2mo,,whole_brain_minus_CSF,MI,0.21544571809982938
sub-938316,ses-2mo,,whole_brain_minus_CSF,NMI,0.8341353262207004
sub-938316,ses-5mo,,whole_brain,Dice,0.9020479137073025
sub-938316,ses-5mo,,whole_brain,IoU,0.8215731132249338
sub-938316,ses-5mo,,whole_brain,Hausdorff,41.86884283091664
sub-938316,ses-5mo,,whole_brain,HD95,17.72004508972168
sub-938316,ses-5mo,,whole_brain,MI,0.25485083767249006
sub-938316,ses-5mo,,whole_brain,NMI,0.7714614456646972
sub-938316,ses-5mo,,whole_brain_minus_CSF,Dice,0.9563640821204089
sub-938316,ses-5mo,,whole_brain_minus_CSF,IoU,0.9163771251410197
sub-938316,ses-5mo,,whole_brain_minus_CSF,Hausdorff,41.98809355043403
sub-938316,ses-5mo,,whole_brain_minus_CSF,HD95,3.0
sub-938316,ses-5mo,,whole_brain_minus_CSF,MI,0.26988326750518477
sub-938316,ses-5mo,,whole_brain_minus_CSF,NMI,0.863819797358331
sub-939043,ses-3mo,,whole_brain,Dice,0.8885042132744951
sub-939043,ses-3mo,,whole_brain,IoU,0.799377041178043
sub-939043,ses-3mo,,whole_brain,Hausdorff,82.14012417813842
sub-939043,ses-3mo,,whole_brain,HD95,18.11077117919922
sub-939043,ses-3mo,,whole_brain,MI,0.2547243283558988
sub-939043,ses-3mo,,whole_brain,NMI,0.7494625994287294
sub-939043,ses-3mo,,whole_brain_minus_CSF,Dice,0.953270962503173
sub-939043,ses-3mo,,whole_brain_minus_CSF,IoU,0.910714166087193
sub-939043,ses-3mo,,whole_brain_minus_CSF,Hausdorff,84.1130192063036
sub-939043,ses-3mo,,whole_brain_minus_CSF,HD95,3.1622776985168457
sub-939043,ses-3mo,,whole_brain_minus_CSF,MI,0.27761909187614425
sub-939043,ses-3mo,,whole_brain_minus_CSF,NMI,0.8615041822428627
sub-940808,ses-3mo,,whole_brain,Dice,0.859136104415137
sub-940808,ses-3mo,,whole_brain,IoU,0.7530574924318221
sub-940808,ses-3mo,,whole_brain,Hausdorff,8.774964387392123
sub-940808,ses-3mo,,whole_brain,HD95,20.51828384399414
sub-940808,ses-3mo,,whole_brain,MI,0.22117731332440838
sub-940808,ses-3mo,,whole_brain,NMI,0.709946832969241
sub-940808,ses-3mo,,whole_brain_minus_CSF,Dice,0.9432891805213236
sub-940808,ses-3mo,,whole_brain_minus_CSF,IoU,0.8926653944801011
sub-940808,ses-3mo,,whole_brain_minus_CSF,Hausdorff,5.656854249492381
sub-940808,ses-3mo,,whole_brain_minus_CSF,HD95,3.0
sub-940808,ses-3mo,,whole_brain_minus_CSF,MI,0.24748269090960492
sub-940808,ses-3mo,,whole_brain_minus_CSF,NMI,0.848355102661022
sub-943541,ses-1mo,,whole_brain,Dice,0.8598199704947261
sub-943541,ses-1mo,,whole_brain,IoU,0.7541089549409171
sub-943541,ses-1mo,,whole_brain,Hausdorff,57.148928248918196
sub-943541,ses-1mo,,whole_brain,HD95,19.0
sub-943541,ses-1mo,,whole_brain,MI,0.211576412301207
sub-943541,ses-1mo,,whole_brain,NMI,0.7138176962157872
sub-943541,ses-1mo,,whole_brain_minus_CSF,Dice,0.9290517449125121
sub-943541,ses-1mo,,whole_brain_minus_CSF,IoU,0.8675038597794961
sub-943541,ses-1mo,,whole_brain_minus_CSF,Hausdorff,57.34980383575867
sub-943541,ses-1mo,,whole_brain_minus_CSF,HD95,5.385164737701416
sub-943541,ses-1mo,,whole_brain_minus_CSF,MI,0.23068869715582424
sub-943541,ses-1mo,,whole_brain_minus_CSF,NMI,0.8227537757853063
sub-981664,ses-2mo,,whole_brain,Dice,0.8741457108479164
sub-981664,ses-2mo,,whole_brain,IoU,0.7764288143417414
sub-981664,ses-2mo,,whole_brain,Hausdorff,10.816653826391969
sub-981664,ses-2mo,,whole_brain,HD95,15.264337539672852
sub-981664,ses-2mo,,whole_brain,MI,0.22919526936972381
sub-981664,ses-2mo,,whole_brain,NMI,0.7312974066660191
sub-981664,ses-2mo,,whole_brain_minus_CSF,Dice,0.9480181196822324
sub-981664,ses-2mo,,whole_brain_minus_CSF,IoU,0.9011734302836742
sub-981664,ses-2mo,,whole_brain_minus_CSF,Hausdorff,7.280109889280518
sub-981664,ses-2mo,,whole_brain_minus_CSF,HD95,3.0
sub-981664,ses-2mo,,whole_brain_minus_CSF,MI,0.2505077449730209
sub-981664,ses-2mo,,whole_brain_minus_CSF,NMI,0.8519249323617752
sub-981664,ses-5mo,,whole_brain,Dice,0.8976617137881266
sub-981664,ses-5mo,,whole_brain,IoU,0.8143250806183038
sub-981664,ses-5mo,,whole_brain,Hausdorff,32.57299494980466
sub-981664,ses-5mo,,whole_brain,HD95,21.21320343017578
sub-981664,ses-5mo,,whole_brain,MI,0.2824404498858462
sub-981664,ses-5mo,,whole_brain,NMI,0.7560652821690576
sub-981664,ses-5mo,,whole_brain_minus_CSF,Dice,0.9573953082282818
sub-981664,ses-5mo,,whole_brain_minus_CSF,IoU,0.9182725876682577
sub-981664,ses-5mo,,whole_brain_minus_CSF,Hausdorff,33.436506994600975
sub-981664,ses-5mo,,whole_brain_minus_CSF,HD95,2.8284270763397217
sub-981664,ses-5mo,,whole_brain_minus_CSF,MI,0.30511692415561753
sub-981664,ses-5mo,,whole_brain_minus_CSF,NMI,0.8622056428741899
sub-981854,ses-1mo,,whole_brain,Dice,0.8785113664986646
sub-981854,ses-1mo,,whole_brain,IoU,0.783343977152862
sub-981854,ses-1mo,,whole_brain,Hausdorff,65.22269543648132
sub-981854,ses-1mo,,whole_brain,HD95,15.264337539672852
sub-981854,ses-1mo,,whole_brain,MI,0.21736302636065868
sub-981854,ses-1mo,,whole_brain,NMI,0.7428894585917685
sub-981854,ses-1mo,,whole_brain_minus_CSF,Dice,0.9506645105777978
sub-981854,ses-1mo,,whole_brain_minus_CSF,IoU,0.9059681295076222
sub-981854,ses-1mo,,whole_brain_minus_CSF,Hausdorff,66.40030120413611
sub-981854,ses-1mo,,whole_brain_minus_CSF,HD95,2.4494898319244385
sub-981854,ses-1mo,,whole_brain_minus_CSF,MI,0.23773043589110796
sub-981854,ses-1mo,,whole_brain_minus_CSF,NMI,0.8628353583134086
sub-993015,ses-2mo,,whole_brain,Dice,0.8621396998822234
sub-993015,ses-2mo,,whole_brain,IoU,0.7576850161597042
sub-993015,ses-2mo,,whole_brain,Hausdorff,50.368641037852115
sub-993015,ses-2mo,,whole_brain,HD95,16.492422103881836
sub-993015,ses-2mo,,whole_brain,MI,0.20542485770777139
sub-993015,ses-2mo,,whole_brain,NMI,0.7199155507748177
sub-993015,ses-2mo,,whole_brain_minus_CSF,Dice,0.9466658174403395
sub-993015,ses-2mo,,whole_brain_minus_CSF,IoU,0.8987326464046663
sub-993015,ses-2mo,,whole_brain_minus_CSF,Hausdorff,53.47896782848375
sub-993015,ses-2mo,,whole_brain_minus_CSF,HD95,3.0
sub-993015,ses-2mo,,whole_brain_minus_CSF,MI,0.22824737803375486
sub-993015,ses-2mo,,whole_brain_minus_CSF,NMI,0.8569976325533825
sub-993015,ses-5mo,,whole_brain,Dice,0.8947164701643762
sub-993015,ses-5mo,,whole_brain,IoU,0.8094904574371402
sub-993015,ses-5mo,,whole_brain,Hausdorff,10.44030650891055
sub-993015,ses-5mo,,whole_brain,HD95,18.466184616088867
sub-993015,ses-5mo,,whole_brain,MI,0.2522751691793152
sub-993015,ses-5mo,,whole_brain,NMI,0.7602030048725146
sub-993015,ses-5mo,,whole_brain_minus_CSF,Dice,0.9590095766958534
sub-993015,ses-5mo,,whole_brain_minus_CSF,IoU,0.9212472614800024
sub-993015,ses-5mo,,whole_brain_minus_CSF,Hausdorff,8.06225774829855
sub-993015,ses-5mo,,whole_brain_minus_CSF,HD95,2.2360680103302
sub-993015,ses-5mo,,whole_brain_minus_CSF,MI,0.27322888526974054
sub-993015,ses-5mo,,whole_brain_minus_CSF,NMI,0.8724492112121476
